{
  "name": "Spirulina_60m3_2025",
  "saved_at": "2025-11-13T12:01:31.430576",
  "assumptions": {
    "algae_type": "Spirulina",
    "scale_m3": 60,
    "capex": 1500000.0,
    "selling_price": 125.0,
    "production_kg": 2190.0,
    "equity_pct": 20.0,
    "loan_interest": 6.0,
    "loan_term": 5,
    "grace_period": 0,
    "contract_type": "Fixed",
    "purchase_price": 0.12,
    "annual_self_generation_kwh": 175200.07000000007,
    "pct_self_consumed": 0.0
  },
  "kpis": {
    "revenue_y1": 273750.0,
    "total_opex_y1": 46758.679999999935,
    "net_income_y1": 125542.96920000005,
    "npv": -563652.4585836042,
    "irr": -0.006786101566249703
  },
  "cashflow": {
    "Year": [
      2025,
      2026,
      2027,
      2028,
      2029,
      2030,
      2031,
      2032,
      2033,
      2034,
      2035,
      2036,
      2037,
      2038,
      2039,
      2040
    ],
    "Revenue": [
      273750.0,
      273750.0,
      273750.0,
      273750.0,
      273750.0,
      273750.0,
      273750.0,
      273750.0,
      273750.0,
      273750.0,
      273750.0,
      273750.0,
      273750.0,
      273750.0,
      273750.0,
      273750.0
    ],
    "OPEX": [
      46758.679999999935,
      46758.679999999935,
      46758.679999999935,
      46758.679999999935,
      46758.679999999935,
      46758.679999999935,
      46758.679999999935,
      46758.679999999935,
      46758.679999999935,
      46758.679999999935,
      46758.679999999935,
      46758.679999999935,
      46758.679999999935,
      46758.679999999935,
      46758.679999999935,
      46758.679999999935
    ],
    "Interest": [
      72000.0,
      59227.45916895435,
      45688.56588804597,
      31337.33901028308,
      16125.038519854426,
      4.889443516731262e-11,
      0.0,
      0.0,
      0.0,
      0.0,
      0.0,
      0.0,
      0.0,
      0.0,
      0.0,
      0.0
    ],
    "EBT": [
      154991.32000000007,
      167763.86083104572,
      181302.7541119541,
      195653.98098971698,
      210866.28148014564,
      226991.32,
      226991.32000000007,
      226991.32000000007,
      226991.32000000007,
      226991.32000000007,
      226991.32000000007,
      226991.32000000007,
      226991.32000000007,
      226991.32000000007,
      226991.32000000007,
      226991.32000000007
    ],
    "Tax": [
      29448.35080000001,
      31875.133557898687,
      34447.52328127128,
      37174.256388046226,
      54403.500621877574,
      58563.76056,
      58563.76056000002,
      58563.76056000002,
      58563.76056000002,
      58563.76056000002,
      58563.76056000002,
      58563.76056000002,
      58563.76056000002,
      58563.76056000002,
      58563.76056000002,
      58563.76056000002
    ],
    "Net Income": [
      125542.96920000005,
      135888.72727314703,
      146855.23083068282,
      158479.72460167075,
      156462.78085826806,
      168427.55944,
      168427.55944000004,
      168427.55944000004,
      168427.55944000004,
      168427.55944000004,
      168427.55944000004,
      168427.55944000004,
      168427.55944000004,
      168427.55944000004,
      168427.55944000004,
      168427.55944000004
    ],
    "Principal Repayment": [
      212875.6805174274,
      225648.22134847305,
      239187.11462938142,
      253538.3415071443,
      268750.64199757297,
      8.149072527885437e-10,
      0.0,
      0.0,
      0.0,
      0.0,
      0.0,
      0.0,
      0.0,
      0.0,
      0.0,
      0.0
    ],
    "Capex Outflow": [
      1500000.0,
      0.0,
      0.0,
      0.0,
      0.0,
      0.0,
      0.0,
      0.0,
      0.0,
      0.0,
      0.0,
      0.0,
      0.0,
      0.0,
      0.0,
      0.0
    ],
    "Free Cash Flow": [
      -1587332.7113174275,
      -89759.49407532602,
      -92331.8837986986,
      -95058.61690547355,
      -112287.8611393049,
      168427.5594399992,
      168427.55944000004,
      168427.55944000004,
      168427.55944000004,
      168427.55944000004,
      168427.55944000004,
      168427.55944000004,
      168427.55944000004,
      168427.55944000004,
      168427.55944000004,
      168427.55944000004
    ]
  },
  "loan": {
    "Year": [
      2025,
      2026,
      2027,
      2028,
      2029,
      2030
    ],
    "Start Balance": [
      1200000.0,
      987124.3194825726,
      761476.0981340995,
      522288.98350471805,
      268750.6419975738,
      8.149072527885437e-10
    ],
    "Interest": [
      72000.0,
      59227.45916895435,
      45688.56588804597,
      31337.33901028308,
      16125.038519854426,
      4.889443516731262e-11
    ],
    "Principal Repayment": [
      212875.6805174274,
      225648.22134847305,
      239187.11462938142,
      253538.3415071443,
      268750.64199757297,
      8.149072527885437e-10
    ],
    "End Balance": [
      987124.3194825726,
      761476.0981340995,
      522288.98350471805,
      268750.6419975738,
      8.149072527885437e-10,
      0.0
    ]
  }
}